Subject,Phase,Channel,RMS,Mean Abs,Peak Abs
A,Grasp (0~1s),Ch 1,0.4698276584364381,0.34110050983099993,2.26073
A,Grasp (0~1s),Ch 2,0.03638733808535234,0.027251965888,0.168224
A,Rotation (1~2s),Ch 1,0.6931929044806244,0.445658680453,4.33942
A,Rotation (1~2s),Ch 2,0.05895640843042799,0.04424246553,0.282713
A,Stationary (2~3s),Ch 1,0.27721096456680694,0.207250849447,0.977387
A,Stationary (2~3s),Ch 2,0.03840062536178692,0.027543567702,0.206591
B,Grasp (0~1s),Ch 1,0.0479006795933382,0.02967415864,0.494905
B,Grasp (0~1s),Ch 2,0.03445242147316114,0.022817112575000003,0.241937
B,Rotation (1~2s),Ch 1,0.1198558422669336,0.08210799683400001,0.603932
B,Rotation (1~2s),Ch 2,0.024413301232067225,0.018495710758,0.11
B,Stationary (2~3s),Ch 1,0.06394194404219189,0.045039878682999995,0.345797
B,Stationary (2~3s),Ch 2,0.015831565421116082,0.012134295857,0.0760774
C,Grasp (0~1s),Ch 1,0.047024913408271064,0.03135753365,0.25448
C,Grasp (0~1s),Ch 2,0.030333751210725807,0.022224778964999997,0.159173
C,Rotation (1~2s),Ch 1,0.0897210202187359,0.069579048376,0.390893
C,Rotation (1~2s),Ch 2,0.057415650744708294,0.04337688643,0.259307
C,Stationary (2~3s),Ch 1,0.057567316108893374,0.042028058922999996,0.293676
C,Stationary (2~3s),Ch 2,0.03799371915940591,0.027957816721,0.172702
