epoch,train_loss,train_accuracy,validation_accuracy,validation_macro_f1,epoch_seconds,elapsed_seconds
1,1.0630171854245036,0.5957236842105263,0.5381578947368421,0.5064655035455254,441.89118659996893,441.8913929000264
2,0.8217770238455974,0.6950657894736842,0.725,0.7134450551461103,441.06188900000416,884.2865167999407
3,0.6563215509841317,0.7582236842105263,0.7828947368421053,0.7811193744470282,409.80457639996894,1295.017545599956
4,0.5726234945811723,0.7927631578947368,0.7394736842105263,0.7404648859043712,411.02686940005515,1707.167775799986
5,0.5024027836754134,0.8108552631578947,0.7921052631578948,0.7926317042174947,409.99311749998014,2118.6596299000084
6,0.45012266749614166,0.8411184210526316,0.7407894736842106,0.7333741279273104,404.16004019998945,2523.9661757999565
7,0.4260947407664437,0.8486842105263158,0.825,0.8244796054545389,408.40271669998765,2933.1155670000007
8,0.34726840122357794,0.8703947368421052,0.7236842105263158,0.7086933783193758,410.05897580005694,3344.090341800009
9,0.3119111504405737,0.8868421052631579,0.8144736842105263,0.8085524034573017,407.7124821000034,3752.5629616000224
10,0.3259970766541205,0.8848684210526315,0.7710526315789473,0.7625701400497061,404.2799166000914,4157.652248000028
